Algorithm,ArraySize,ArrayType,ExecutionTime_ms,CharacterComparisons,IsSorted
QuickSort,100,NearlySorted,0.041,3151,true
MergeSort,100,NearlySorted,0.248,504,true
StringQuickSort,100,NearlySorted,0.009,895,true
StringMergeSort,100,NearlySorted,0.241,504,true
MSDRadixSort,100,NearlySorted,0.081,179,true
MSDRadixSortWithQuickSort,100,NearlySorted,0.029,159,true
QuickSort,100,PrefixBased,0.025,1859,true
MergeSort,100,PrefixBased,0.260,1807,true
StringQuickSort,100,PrefixBased,0.009,895,true
StringMergeSort,100,PrefixBased,0.182,1807,true
MSDRadixSort,100,PrefixBased,0.179,612,true
MSDRadixSortWithQuickSort,100,PrefixBased,0.031,718,true
QuickSort,100,Random,0.022,660,true
MergeSort,100,Random,0.225,605,true
StringQuickSort,100,Random,0.007,571,true
StringMergeSort,100,Random,0.216,605,true
MSDRadixSort,100,Random,0.071,171,true
MSDRadixSortWithQuickSort,100,Random,0.031,161,true
QuickSort,100,ReverseSorted,0.040,5013,true
MergeSort,100,ReverseSorted,0.210,363,true
StringQuickSort,100,ReverseSorted,0.014,3316,true
StringMergeSort,100,ReverseSorted,0.180,363,true
MSDRadixSort,100,ReverseSorted,0.062,173,true
MSDRadixSortWithQuickSort,100,ReverseSorted,0.025,163,true
QuickSort,200,NearlySorted,0.051,4914,true
MergeSort,200,NearlySorted,0.392,1303,true
StringQuickSort,200,NearlySorted,0.015,1914,true
StringMergeSort,200,NearlySorted,0.350,1303,true
MSDRadixSort,200,NearlySorted,0.080,392,true
MSDRadixSortWithQuickSort,200,NearlySorted,0.027,418,true
QuickSort,200,PrefixBased,0.034,4312,true
MergeSort,200,PrefixBased,0.246,3747,true
StringQuickSort,200,PrefixBased,0.026,2178,true
StringMergeSort,200,PrefixBased,0.292,3747,true
MSDRadixSort,200,PrefixBased,0.264,1218,true
MSDRadixSortWithQuickSort,200,PrefixBased,0.044,1419,true
QuickSort,200,Random,0.032,1762,true
MergeSort,200,Random,0.337,1481,true
StringQuickSort,200,Random,0.011,1643,true
StringMergeSort,200,Random,0.302,1481,true
MSDRadixSort,200,Random,0.102,393,true
MSDRadixSortWithQuickSort,200,Random,0.040,383,true
QuickSort,200,ReverseSorted,0.083,20176,true
MergeSort,200,ReverseSorted,0.312,909,true
StringQuickSort,200,ReverseSorted,0.022,7290,true
StringMergeSort,200,ReverseSorted,0.311,909,true
MSDRadixSort,200,ReverseSorted,0.107,395,true
MSDRadixSortWithQuickSort,200,ReverseSorted,0.040,474,true
QuickSort,300,NearlySorted,0.053,8075,true
MergeSort,300,NearlySorted,0.406,2245,true
StringQuickSort,300,NearlySorted,0.016,3909,true
StringMergeSort,300,NearlySorted,0.427,2245,true
MSDRadixSort,300,NearlySorted,0.122,616,true
MSDRadixSortWithQuickSort,300,NearlySorted,0.068,740,true
QuickSort,300,PrefixBased,0.042,6339,true
MergeSort,300,PrefixBased,0.383,5841,true
StringQuickSort,300,PrefixBased,0.020,3153,true
StringMergeSort,300,PrefixBased,0.373,5841,true
MSDRadixSort,300,PrefixBased,0.279,1847,true
MSDRadixSortWithQuickSort,300,PrefixBased,0.048,2200,true
QuickSort,300,Random,0.035,3231,true
MergeSort,300,Random,0.401,2532,true
StringQuickSort,300,Random,0.015,2560,true
StringMergeSort,300,Random,0.393,2532,true
MSDRadixSort,300,Random,0.136,605,true
MSDRadixSortWithQuickSort,300,Random,0.054,722,true
QuickSort,300,ReverseSorted,0.134,45481,true
MergeSort,300,ReverseSorted,0.376,1537,true
StringQuickSort,300,ReverseSorted,0.026,11219,true
StringMergeSort,300,ReverseSorted,0.377,1537,true
MSDRadixSort,300,ReverseSorted,0.115,613,true
MSDRadixSortWithQuickSort,300,ReverseSorted,0.044,910,true
QuickSort,400,NearlySorted,0.057,12146,true
MergeSort,400,NearlySorted,0.485,3236,true
StringQuickSort,400,NearlySorted,0.022,7477,true
StringMergeSort,400,NearlySorted,0.453,3236,true
MSDRadixSort,400,NearlySorted,0.128,826,true
MSDRadixSortWithQuickSort,400,NearlySorted,0.049,1152,true
QuickSort,400,PrefixBased,0.047,8750,true
MergeSort,400,PrefixBased,0.426,8017,true
StringQuickSort,400,PrefixBased,0.024,4780,true
StringMergeSort,400,PrefixBased,0.389,8017,true
MSDRadixSort,400,PrefixBased,0.306,2451,true
MSDRadixSortWithQuickSort,400,PrefixBased,0.052,2928,true
QuickSort,400,Random,0.046,3895,true
MergeSort,400,Random,0.494,3647,true
StringQuickSort,400,Random,0.023,3012,true
StringMergeSort,400,Random,0.460,3647,true
MSDRadixSort,400,Random,0.139,809,true
MSDRadixSortWithQuickSort,400,Random,0.057,1075,true
QuickSort,400,ReverseSorted,0.179,80884,true
MergeSort,400,ReverseSorted,0.417,2175,true
StringQuickSort,400,ReverseSorted,0.028,15484,true
StringMergeSort,400,ReverseSorted,0.418,2175,true
MSDRadixSort,400,ReverseSorted,0.125,816,true
MSDRadixSortWithQuickSort,400,ReverseSorted,0.053,1454,true
QuickSort,500,NearlySorted,0.078,18568,true
MergeSort,500,NearlySorted,0.528,4086,true
StringQuickSort,500,NearlySorted,0.023,8326,true
StringMergeSort,500,NearlySorted,0.505,4086,true
MSDRadixSort,500,NearlySorted,0.128,1042,true
MSDRadixSortWithQuickSort,500,NearlySorted,0.052,1590,true
QuickSort,500,PrefixBased,0.054,11234,true
MergeSort,500,PrefixBased,0.487,10186,true
StringQuickSort,500,PrefixBased,0.027,5505,true
StringMergeSort,500,PrefixBased,0.476,10186,true
MSDRadixSort,500,PrefixBased,0.372,3063,true
MSDRadixSortWithQuickSort,500,PrefixBased,0.068,3725,true
QuickSort,500,Random,0.052,6032,true
MergeSort,500,Random,0.553,4850,true
StringQuickSort,500,Random,0.023,4804,true
StringMergeSort,500,Random,0.566,4850,true
MSDRadixSort,500,Random,0.149,1040,true
MSDRadixSortWithQuickSort,500,Random,0.069,1522,true
QuickSort,500,ReverseSorted,0.255,126394,true
MergeSort,500,ReverseSorted,0.505,2997,true
StringQuickSort,500,ReverseSorted,0.050,20855,true
StringMergeSort,500,ReverseSorted,0.520,2997,true
MSDRadixSort,500,ReverseSorted,0.155,1044,true
MSDRadixSortWithQuickSort,500,ReverseSorted,0.066,2067,true
QuickSort,600,NearlySorted,0.105,33775,true
MergeSort,600,NearlySorted,0.651,5547,true
StringQuickSort,600,NearlySorted,0.031,11000,true
StringMergeSort,600,NearlySorted,0.663,5547,true
MSDRadixSort,600,NearlySorted,0.174,1259,true
MSDRadixSortWithQuickSort,600,NearlySorted,0.070,2057,true
QuickSort,600,PrefixBased,0.067,13661,true
MergeSort,600,PrefixBased,0.600,12306,true
StringQuickSort,600,PrefixBased,0.035,7052,true
StringMergeSort,600,PrefixBased,0.620,12306,true
MSDRadixSort,600,PrefixBased,0.461,3679,true
MSDRadixSortWithQuickSort,600,PrefixBased,0.081,4426,true
QuickSort,600,Random,0.066,6783,true
MergeSort,600,Random,0.664,6089,true
StringQuickSort,600,Random,0.030,5616,true
StringMergeSort,600,Random,0.632,6089,true
MSDRadixSort,600,Random,0.197,1257,true
MSDRadixSortWithQuickSort,600,Random,0.082,1890,true
QuickSort,600,ReverseSorted,0.357,182175,true
MergeSort,600,ReverseSorted,0.616,3635,true
StringQuickSort,600,ReverseSorted,0.041,23546,true
StringMergeSort,600,ReverseSorted,0.650,3635,true
MSDRadixSort,600,ReverseSorted,0.183,1260,true
MSDRadixSortWithQuickSort,600,ReverseSorted,0.077,2944,true
QuickSort,700,NearlySorted,0.096,25151,true
MergeSort,700,NearlySorted,0.753,6799,true
StringQuickSort,700,NearlySorted,0.040,16571,true
StringMergeSort,700,NearlySorted,0.727,6799,true
MSDRadixSort,700,NearlySorted,0.178,1474,true
MSDRadixSortWithQuickSort,700,NearlySorted,0.077,2573,true
QuickSort,700,PrefixBased,0.079,16100,true
MergeSort,700,PrefixBased,0.739,14562,true
StringQuickSort,700,PrefixBased,0.042,8077,true
StringMergeSort,700,PrefixBased,0.696,14562,true
MSDRadixSort,700,PrefixBased,0.490,4301,true
MSDRadixSortWithQuickSort,700,PrefixBased,0.089,5285,true
QuickSort,700,Random,0.075,8443,true
MergeSort,700,Random,0.841,7419,true
StringQuickSort,700,Random,0.033,6593,true
StringMergeSort,700,Random,0.750,7419,true
MSDRadixSort,700,Random,0.209,1492,true
MSDRadixSortWithQuickSort,700,Random,0.105,2436,true
QuickSort,700,ReverseSorted,0.500,247990,true
MergeSort,700,ReverseSorted,0.722,4343,true
StringQuickSort,700,ReverseSorted,0.049,28802,true
StringMergeSort,700,ReverseSorted,0.726,4343,true
MSDRadixSort,700,ReverseSorted,0.203,1479,true
MSDRadixSortWithQuickSort,700,ReverseSorted,0.090,3843,true
QuickSort,800,NearlySorted,0.101,21231,true
MergeSort,800,NearlySorted,0.820,7969,true
StringQuickSort,800,NearlySorted,0.043,17059,true
StringMergeSort,800,NearlySorted,0.816,7969,true
MSDRadixSort,800,NearlySorted,0.200,1707,true
MSDRadixSortWithQuickSort,800,NearlySorted,0.088,3171,true
QuickSort,800,PrefixBased,0.094,19628,true
MergeSort,800,PrefixBased,0.855,16952,true
StringQuickSort,800,PrefixBased,0.064,10121,true
StringMergeSort,800,PrefixBased,0.774,16952,true
MSDRadixSort,800,PrefixBased,0.556,4914,true
MSDRadixSortWithQuickSort,800,PrefixBased,0.102,5984,true
QuickSort,800,Random,0.093,11756,true
MergeSort,800,Random,0.917,8754,true
StringQuickSort,800,Random,0.041,7535,true
StringMergeSort,800,Random,0.942,8754,true
MSDRadixSort,800,Random,0.236,1705,true
MSDRadixSortWithQuickSort,800,Random,0.116,2818,true
QuickSort,800,ReverseSorted,0.610,323869,true
MergeSort,800,ReverseSorted,0.887,5184,true
StringQuickSort,800,ReverseSorted,0.056,32595,true
StringMergeSort,800,ReverseSorted,0.827,5184,true
MSDRadixSort,800,ReverseSorted,0.242,1699,true
MSDRadixSortWithQuickSort,800,ReverseSorted,0.108,4805,true
QuickSort,900,NearlySorted,0.108,23355,true
MergeSort,900,NearlySorted,0.930,8826,true
StringQuickSort,900,NearlySorted,0.044,17727,true
StringMergeSort,900,NearlySorted,1.035,8826,true
MSDRadixSort,900,NearlySorted,0.233,1940,true
MSDRadixSortWithQuickSort,900,NearlySorted,0.099,3703,true
QuickSort,900,PrefixBased,0.106,22069,true
MergeSort,900,PrefixBased,0.872,19365,true
StringQuickSort,900,PrefixBased,0.054,11034,true
StringMergeSort,900,PrefixBased,0.978,19365,true
MSDRadixSort,900,PrefixBased,0.630,5514,true
MSDRadixSortWithQuickSort,900,PrefixBased,0.119,6912,true
QuickSort,900,Random,0.103,11827,true
MergeSort,900,Random,1.006,10213,true
StringQuickSort,900,Random,0.052,7856,true
StringMergeSort,900,Random,0.994,10213,true
MSDRadixSort,900,Random,0.267,1955,true
MSDRadixSortWithQuickSort,900,Random,0.133,3436,true
QuickSort,900,ReverseSorted,0.766,410026,true
MergeSort,900,ReverseSorted,1.011,6048,true
StringQuickSort,900,ReverseSorted,0.063,37146,true
StringMergeSort,900,ReverseSorted,1.037,6048,true
MSDRadixSort,900,ReverseSorted,0.277,1936,true
MSDRadixSortWithQuickSort,900,ReverseSorted,0.121,5961,true
QuickSort,1000,NearlySorted,0.124,31051,true
MergeSort,1000,NearlySorted,1.051,10097,true
StringQuickSort,1000,NearlySorted,0.062,25935,true
StringMergeSort,1000,NearlySorted,1.089,10097,true
MSDRadixSort,1000,NearlySorted,0.254,2200,true
MSDRadixSortWithQuickSort,1000,NearlySorted,0.116,4435,true
QuickSort,1000,PrefixBased,0.121,24639,true
MergeSort,1000,PrefixBased,1.017,21802,true
StringQuickSort,1000,PrefixBased,0.061,12310,true
StringMergeSort,1000,PrefixBased,1.021,21802,true
MSDRadixSort,1000,PrefixBased,0.704,6105,true
MSDRadixSortWithQuickSort,1000,PrefixBased,0.128,7681,true
QuickSort,1000,Random,0.115,14382,true
MergeSort,1000,Random,1.117,11571,true
StringQuickSort,1000,Random,0.059,9154,true
StringMergeSort,1000,Random,1.109,11571,true
MSDRadixSort,1000,Random,0.293,2148,true
MSDRadixSortWithQuickSort,1000,Random,0.144,4016,true
QuickSort,1000,ReverseSorted,0.938,506263,true
MergeSort,1000,ReverseSorted,1.092,7079,true
StringQuickSort,1000,ReverseSorted,0.074,41651,true
StringMergeSort,1000,ReverseSorted,1.107,7079,true
MSDRadixSort,1000,ReverseSorted,0.299,2170,true
MSDRadixSortWithQuickSort,1000,ReverseSorted,0.132,7215,true
QuickSort,1100,NearlySorted,0.142,32433,true
MergeSort,1100,NearlySorted,1.242,11737,true
StringQuickSort,1100,NearlySorted,0.072,27553,true
StringMergeSort,1100,NearlySorted,1.247,11737,true
MSDRadixSort,1100,NearlySorted,0.281,2415,true
MSDRadixSortWithQuickSort,1100,NearlySorted,0.146,4918,true
QuickSort,1100,PrefixBased,0.135,29066,true
MergeSort,1100,PrefixBased,1.251,24037,true
StringQuickSort,1100,PrefixBased,0.083,13806,true
StringMergeSort,1100,PrefixBased,1.153,24037,true
MSDRadixSort,1100,PrefixBased,0.832,6722,true
MSDRadixSortWithQuickSort,1100,PrefixBased,0.146,8385,true
QuickSort,1100,Random,0.137,15457,true
MergeSort,1100,Random,1.355,13089,true
StringQuickSort,1100,Random,0.079,10281,true
StringMergeSort,1100,Random,1.326,13089,true
MSDRadixSort,1100,Random,0.337,2410,true
MSDRadixSortWithQuickSort,1100,Random,0.164,4380,true
QuickSort,1100,ReverseSorted,1.175,612560,true
MergeSort,1100,ReverseSorted,1.279,7777,true
StringQuickSort,1100,ReverseSorted,0.080,46427,true
StringMergeSort,1100,ReverseSorted,1.179,7777,true
MSDRadixSort,1100,ReverseSorted,0.318,2384,true
MSDRadixSortWithQuickSort,1100,ReverseSorted,0.152,8592,true
QuickSort,1200,NearlySorted,0.211,60696,true
MergeSort,1200,NearlySorted,1.332,13322,true
StringQuickSort,1200,NearlySorted,0.073,23995,true
StringMergeSort,1200,NearlySorted,1.330,13322,true
MSDRadixSort,1200,NearlySorted,0.327,2650,true
MSDRadixSortWithQuickSort,1200,NearlySorted,0.156,5659,true
QuickSort,1200,PrefixBased,0.154,30602,true
MergeSort,1200,PrefixBased,1.244,26954,true
StringQuickSort,1200,PrefixBased,0.077,15008,true
StringMergeSort,1200,PrefixBased,1.298,26954,true
MSDRadixSort,1200,PrefixBased,0.851,7371,true
MSDRadixSortWithQuickSort,1200,PrefixBased,0.162,9375,true
QuickSort,1200,Random,0.146,17494,true
MergeSort,1200,Random,1.590,14549,true
StringQuickSort,1200,Random,0.066,11853,true
StringMergeSort,1200,Random,1.454,14549,true
MSDRadixSort,1200,Random,0.382,2623,true
MSDRadixSortWithQuickSort,1200,Random,0.184,5048,true
QuickSort,1200,ReverseSorted,1.451,729205,true
MergeSort,1200,ReverseSorted,1.296,8603,true
StringQuickSort,1200,ReverseSorted,0.094,50968,true
StringMergeSort,1200,ReverseSorted,1.367,8603,true
MSDRadixSort,1200,ReverseSorted,0.367,2649,true
MSDRadixSortWithQuickSort,1200,ReverseSorted,0.214,9926,true
QuickSort,1300,NearlySorted,0.168,38086,true
MergeSort,1300,NearlySorted,1.578,14389,true
StringQuickSort,1300,NearlySorted,0.071,24835,true
StringMergeSort,1300,NearlySorted,1.477,14389,true
MSDRadixSort,1300,NearlySorted,0.405,2869,true
MSDRadixSortWithQuickSort,1300,NearlySorted,0.155,6239,true
QuickSort,1300,PrefixBased,0.162,36197,true
MergeSort,1300,PrefixBased,1.355,29391,true
StringQuickSort,1300,PrefixBased,0.085,18274,true
StringMergeSort,1300,PrefixBased,1.443,29391,true
MSDRadixSort,1300,PrefixBased,0.968,8000,true
MSDRadixSortWithQuickSort,1300,PrefixBased,0.184,10230,true
QuickSort,1300,Random,0.161,19105,true
MergeSort,1300,Random,1.629,16076,true
StringQuickSort,1300,Random,0.075,11831,true
StringMergeSort,1300,Random,1.521,16076,true
MSDRadixSort,1300,Random,0.416,2881,true
MSDRadixSortWithQuickSort,1300,Random,0.209,5567,true
QuickSort,1300,ReverseSorted,1.806,855797,true
MergeSort,1300,ReverseSorted,1.463,9328,true
StringQuickSort,1300,ReverseSorted,0.117,57202,true
StringMergeSort,1300,ReverseSorted,1.493,9328,true
MSDRadixSort,1300,ReverseSorted,0.375,2852,true
MSDRadixSortWithQuickSort,1300,ReverseSorted,0.173,11658,true
QuickSort,1400,NearlySorted,0.264,66743,true
MergeSort,1400,NearlySorted,1.634,16104,true
StringQuickSort,1400,NearlySorted,0.085,29915,true
StringMergeSort,1400,NearlySorted,1.640,16104,true
MSDRadixSort,1400,NearlySorted,0.380,3063,true
MSDRadixSortWithQuickSort,1400,NearlySorted,0.185,7110,true
QuickSort,1400,PrefixBased,0.183,35234,true
MergeSort,1400,PrefixBased,1.565,31376,true
StringQuickSort,1400,PrefixBased,0.099,18129,true
StringMergeSort,1400,PrefixBased,1.503,31376,true
MSDRadixSort,1400,PrefixBased,1.068,8584,true
MSDRadixSortWithQuickSort,1400,PrefixBased,0.185,10859,true
QuickSort,1400,Random,0.169,20541,true
MergeSort,1400,Random,1.733,17510,true
StringQuickSort,1400,Random,0.081,14772,true
StringMergeSort,1400,Random,1.626,17510,true
MSDRadixSort,1400,Random,0.459,3088,true
MSDRadixSortWithQuickSort,1400,Random,0.207,6197,true
QuickSort,1400,ReverseSorted,2.106,992502,true
MergeSort,1400,ReverseSorted,1.648,10201,true
StringQuickSort,1400,ReverseSorted,0.118,61230,true
StringMergeSort,1400,ReverseSorted,1.661,10201,true
MSDRadixSort,1400,ReverseSorted,0.410,3099,true
MSDRadixSortWithQuickSort,1400,ReverseSorted,0.196,13111,true
QuickSort,1500,NearlySorted,0.208,49224,true
MergeSort,1500,NearlySorted,1.795,17288,true
StringQuickSort,1500,NearlySorted,0.118,46023,true
StringMergeSort,1500,NearlySorted,1.784,17288,true
MSDRadixSort,1500,NearlySorted,0.410,3368,true
MSDRadixSortWithQuickSort,1500,NearlySorted,0.187,7862,true
QuickSort,1500,PrefixBased,0.192,38877,true
MergeSort,1500,PrefixBased,1.667,34376,true
StringQuickSort,1500,PrefixBased,0.102,19270,true
StringMergeSort,1500,PrefixBased,1.547,34376,true
MSDRadixSort,1500,PrefixBased,1.013,9192,true
MSDRadixSortWithQuickSort,1500,PrefixBased,0.237,11770,true
QuickSort,1500,Random,0.191,24411,true
MergeSort,1500,Random,1.770,19118,true
StringQuickSort,1500,Random,0.088,17201,true
StringMergeSort,1500,Random,1.783,19118,true
MSDRadixSort,1500,Random,0.458,3391,true
MSDRadixSortWithQuickSort,1500,Random,0.229,6907,true
QuickSort,1500,ReverseSorted,2.462,1139362,true
MergeSort,1500,ReverseSorted,1.708,11298,true
StringQuickSort,1500,ReverseSorted,0.125,64784,true
StringMergeSort,1500,ReverseSorted,1.745,11298,true
MSDRadixSort,1500,ReverseSorted,0.444,3351,true
MSDRadixSortWithQuickSort,1500,ReverseSorted,0.203,14772,true
QuickSort,1600,NearlySorted,0.214,50381,true
MergeSort,1600,NearlySorted,1.894,18590,true
StringQuickSort,1600,NearlySorted,0.119,45392,true
StringMergeSort,1600,NearlySorted,1.819,18590,true
MSDRadixSort,1600,NearlySorted,0.440,3636,true
MSDRadixSortWithQuickSort,1600,NearlySorted,0.195,8391,true
QuickSort,1600,PrefixBased,0.234,42321,true
MergeSort,1600,PrefixBased,1.722,36534,true
StringQuickSort,1600,PrefixBased,0.105,20812,true
StringMergeSort,1600,PrefixBased,1.706,36534,true
MSDRadixSort,1600,PrefixBased,1.135,9790,true
MSDRadixSortWithQuickSort,1600,PrefixBased,0.220,12530,true
QuickSort,1600,Random,0.200,26003,true
MergeSort,1600,Random,1.970,20599,true
StringQuickSort,1600,Random,0.094,16889,true
StringMergeSort,1600,Random,1.890,20599,true
MSDRadixSort,1600,Random,0.483,3560,true
MSDRadixSortWithQuickSort,1600,Random,0.244,7534,true
QuickSort,1600,ReverseSorted,2.915,1296337,true
MergeSort,1600,ReverseSorted,1.864,12077,true
StringQuickSort,1600,ReverseSorted,0.143,72221,true
StringMergeSort,1600,ReverseSorted,1.822,12077,true
MSDRadixSort,1600,ReverseSorted,0.498,3594,true
MSDRadixSortWithQuickSort,1600,ReverseSorted,0.236,16540,true
QuickSort,1700,NearlySorted,0.291,84324,true
MergeSort,1700,NearlySorted,1.966,20215,true
StringQuickSort,1700,NearlySorted,0.145,55685,true
StringMergeSort,1700,NearlySorted,1.879,20215,true
MSDRadixSort,1700,NearlySorted,0.478,3878,true
MSDRadixSortWithQuickSort,1700,NearlySorted,0.228,9198,true
QuickSort,1700,PrefixBased,0.223,44840,true
MergeSort,1700,PrefixBased,1.810,39112,true
StringQuickSort,1700,PrefixBased,0.125,22512,true
StringMergeSort,1700,PrefixBased,1.803,39112,true
MSDRadixSort,1700,PrefixBased,1.262,10415,true
MSDRadixSortWithQuickSort,1700,PrefixBased,0.228,13505,true
QuickSort,1700,Random,0.218,26091,true
MergeSort,1700,Random,2.022,22261,true
StringQuickSort,1700,Random,0.102,20016,true
StringMergeSort,1700,Random,2.112,22261,true
MSDRadixSort,1700,Random,0.530,3815,true
MSDRadixSortWithQuickSort,1700,Random,0.278,8230,true
QuickSort,1700,ReverseSorted,3.183,1463602,true
MergeSort,1700,ReverseSorted,1.992,12998,true
StringQuickSort,1700,ReverseSorted,0.157,76607,true
StringMergeSort,1700,ReverseSorted,1.981,12998,true
MSDRadixSort,1700,ReverseSorted,0.517,3813,true
MSDRadixSortWithQuickSort,1700,ReverseSorted,0.251,18770,true
QuickSort,1800,NearlySorted,0.235,53771,true
MergeSort,1800,NearlySorted,2.055,21685,true
StringQuickSort,1800,NearlySorted,0.126,47751,true
StringMergeSort,1800,NearlySorted,2.194,21685,true
MSDRadixSort,1800,NearlySorted,0.510,4079,true
MSDRadixSortWithQuickSort,1800,NearlySorted,0.227,9966,true
QuickSort,1800,PrefixBased,0.235,50060,true
MergeSort,1800,PrefixBased,1.950,41560,true
StringQuickSort,1800,PrefixBased,0.121,23680,true
StringMergeSort,1800,PrefixBased,1.968,41560,true
MSDRadixSort,1800,PrefixBased,1.274,11058,true
MSDRadixSortWithQuickSort,1800,PrefixBased,0.241,14290,true
QuickSort,1800,Random,0.228,27845,true
MergeSort,1800,Random,2.183,23983,true
StringQuickSort,1800,Random,0.108,18118,true
StringMergeSort,1800,Random,2.249,23983,true
MSDRadixSort,1800,Random,0.588,4108,true
MSDRadixSortWithQuickSort,1800,Random,0.302,8781,true
QuickSort,1800,ReverseSorted,3.685,1640847,true
MergeSort,1800,ReverseSorted,2.173,14084,true
StringQuickSort,1800,ReverseSorted,0.165,80763,true
StringMergeSort,1800,ReverseSorted,2.080,14084,true
MSDRadixSort,1800,ReverseSorted,0.593,4130,true
MSDRadixSortWithQuickSort,1800,ReverseSorted,0.248,20299,true
QuickSort,1900,NearlySorted,0.260,64813,true
MergeSort,1900,NearlySorted,2.224,23340,true
StringQuickSort,1900,NearlySorted,0.156,58584,true
StringMergeSort,1900,NearlySorted,2.256,23340,true
MSDRadixSort,1900,NearlySorted,0.527,4325,true
MSDRadixSortWithQuickSort,1900,NearlySorted,0.244,10851,true
QuickSort,1900,PrefixBased,0.248,49912,true
MergeSort,1900,PrefixBased,1.995,44267,true
StringQuickSort,1900,PrefixBased,0.126,25622,true
StringMergeSort,1900,PrefixBased,2.036,44267,true
MSDRadixSort,1900,PrefixBased,1.320,11639,true
MSDRadixSortWithQuickSort,1900,PrefixBased,0.268,15176,true
QuickSort,1900,Random,0.243,30718,true
MergeSort,1900,Random,2.386,25546,true
StringQuickSort,1900,Random,0.129,20720,true
StringMergeSort,1900,Random,2.272,25546,true
MSDRadixSort,1900,Random,0.623,4378,true
MSDRadixSortWithQuickSort,1900,Random,0.294,9297,true
QuickSort,1900,ReverseSorted,4.100,1828402,true
MergeSort,1900,ReverseSorted,2.145,15174,true
StringQuickSort,1900,ReverseSorted,0.179,84795,true
StringMergeSort,1900,ReverseSorted,2.325,15174,true
MSDRadixSort,1900,ReverseSorted,0.588,4406,true
MSDRadixSortWithQuickSort,1900,ReverseSorted,0.268,22121,true
QuickSort,2000,NearlySorted,0.336,101635,true
MergeSort,2000,NearlySorted,2.386,24477,true
StringQuickSort,2000,NearlySorted,0.132,48104,true
StringMergeSort,2000,NearlySorted,2.400,24477,true
MSDRadixSort,2000,NearlySorted,0.622,4605,true
MSDRadixSortWithQuickSort,2000,NearlySorted,0.249,11525,true
QuickSort,2000,PrefixBased,0.261,54037,true
MergeSort,2000,PrefixBased,2.191,46936,true
StringQuickSort,2000,PrefixBased,0.135,26414,true
StringMergeSort,2000,PrefixBased,2.251,46936,true
MSDRadixSort,2000,PrefixBased,1.406,12277,true
MSDRadixSortWithQuickSort,2000,PrefixBased,0.273,16268,true
QuickSort,2000,Random,0.259,32681,true
MergeSort,2000,Random,2.511,27169,true
StringQuickSort,2000,Random,0.124,20933,true
StringMergeSort,2000,Random,2.493,27169,true
MSDRadixSort,2000,Random,0.633,4589,true
MSDRadixSortWithQuickSort,2000,Random,0.300,10064,true
QuickSort,2000,ReverseSorted,4.588,2026036,true
MergeSort,2000,ReverseSorted,2.357,16266,true
StringQuickSort,2000,ReverseSorted,0.178,88612,true
StringMergeSort,2000,ReverseSorted,2.352,16266,true
MSDRadixSort,2000,ReverseSorted,0.646,4617,true
MSDRadixSortWithQuickSort,2000,ReverseSorted,0.297,24593,true
QuickSort,2100,NearlySorted,0.295,73453,true
MergeSort,2100,NearlySorted,2.504,25866,true
StringQuickSort,2100,NearlySorted,0.132,49048,true
StringMergeSort,2100,NearlySorted,2.541,25866,true
MSDRadixSort,2100,NearlySorted,0.623,4866,true
MSDRadixSortWithQuickSort,2100,NearlySorted,0.280,12433,true
QuickSort,2100,PrefixBased,0.285,54882,true
MergeSort,2100,PrefixBased,2.331,49534,true
StringQuickSort,2100,PrefixBased,0.141,28995,true
StringMergeSort,2100,PrefixBased,2.289,49534,true
MSDRadixSort,2100,PrefixBased,1.446,12845,true
MSDRadixSortWithQuickSort,2100,PrefixBased,0.305,16988,true
QuickSort,2100,Random,0.270,34156,true
MergeSort,2100,Random,2.673,28798,true
StringQuickSort,2100,Random,0.134,21545,true
StringMergeSort,2100,Random,2.638,28798,true
MSDRadixSort,2100,Random,0.729,4873,true
MSDRadixSortWithQuickSort,2100,Random,0.339,10696,true
QuickSort,2100,ReverseSorted,4.905,2233840,true
MergeSort,2100,ReverseSorted,2.494,17192,true
StringQuickSort,2100,ReverseSorted,0.208,97859,true
StringMergeSort,2100,ReverseSorted,2.500,17192,true
MSDRadixSort,2100,ReverseSorted,0.656,4861,true
MSDRadixSortWithQuickSort,2100,ReverseSorted,0.310,27453,true
QuickSort,2200,NearlySorted,0.337,91762,true
MergeSort,2200,NearlySorted,2.656,27656,true
StringQuickSort,2200,NearlySorted,0.127,45784,true
StringMergeSort,2200,NearlySorted,2.709,27656,true
MSDRadixSort,2200,NearlySorted,0.667,5105,true
MSDRadixSortWithQuickSort,2200,NearlySorted,0.292,13365,true
QuickSort,2200,PrefixBased,0.302,60916,true
MergeSort,2200,PrefixBased,2.449,52072,true
StringQuickSort,2200,PrefixBased,0.160,29070,true
StringMergeSort,2200,PrefixBased,2.483,52072,true
MSDRadixSort,2200,PrefixBased,1.483,13493,true
MSDRadixSortWithQuickSort,2200,PrefixBased,0.306,17726,true
QuickSort,2200,Random,0.289,38138,true
MergeSort,2200,Random,2.737,30460,true
StringQuickSort,2200,Random,0.139,23524,true
StringMergeSort,2200,Random,2.802,30460,true
MSDRadixSort,2200,Random,0.797,5112,true
MSDRadixSortWithQuickSort,2200,Random,0.357,11305,true
QuickSort,2200,ReverseSorted,5.268,2451562,true
MergeSort,2200,ReverseSorted,2.711,18005,true
StringQuickSort,2200,ReverseSorted,0.209,102978,true
StringMergeSort,2200,ReverseSorted,2.585,18005,true
MSDRadixSort,2200,ReverseSorted,0.735,5166,true
MSDRadixSortWithQuickSort,2200,ReverseSorted,0.328,28937,true
QuickSort,2300,NearlySorted,0.401,131468,true
MergeSort,2300,NearlySorted,2.735,29367,true
StringQuickSort,2300,NearlySorted,0.178,63920,true
StringMergeSort,2300,NearlySorted,2.842,29367,true
MSDRadixSort,2300,NearlySorted,0.683,5389,true
MSDRadixSortWithQuickSort,2300,NearlySorted,0.322,13840,true
QuickSort,2300,PrefixBased,0.315,63978,true
MergeSort,2300,PrefixBased,2.540,54768,true
StringQuickSort,2300,PrefixBased,0.161,32016,true
StringMergeSort,2300,PrefixBased,2.534,54768,true
MSDRadixSort,2300,PrefixBased,1.648,14129,true
MSDRadixSortWithQuickSort,2300,PrefixBased,0.324,18396,true
QuickSort,2300,Random,0.310,38460,true
MergeSort,2300,Random,2.974,32185,true
StringQuickSort,2300,Random,0.145,25713,true
StringMergeSort,2300,Random,2.933,32185,true
MSDRadixSort,2300,Random,0.745,5366,true
MSDRadixSortWithQuickSort,2300,Random,0.400,11904,true
QuickSort,2300,ReverseSorted,5.872,2679616,true
MergeSort,2300,ReverseSorted,2.877,18856,true
StringQuickSort,2300,ReverseSorted,0.223,107808,true
StringMergeSort,2300,ReverseSorted,2.741,18856,true
MSDRadixSort,2300,ReverseSorted,0.715,5361,true
MSDRadixSortWithQuickSort,2300,ReverseSorted,0.361,32113,true
QuickSort,2400,NearlySorted,0.345,95174,true
MergeSort,2400,NearlySorted,2.891,31405,true
StringQuickSort,2400,NearlySorted,0.176,66165,true
StringMergeSort,2400,NearlySorted,2.873,31405,true
MSDRadixSort,2400,NearlySorted,0.764,5634,true
MSDRadixSortWithQuickSort,2400,NearlySorted,0.312,15094,true
QuickSort,2400,PrefixBased,0.334,66173,true
MergeSort,2400,PrefixBased,2.719,57500,true
StringQuickSort,2400,PrefixBased,0.186,31119,true
StringMergeSort,2400,PrefixBased,2.780,57500,true
MSDRadixSort,2400,PrefixBased,1.586,14713,true
MSDRadixSortWithQuickSort,2400,PrefixBased,0.358,19471,true
QuickSort,2400,Random,0.324,41394,true
MergeSort,2400,Random,3.162,33961,true
StringQuickSort,2400,Random,0.167,26604,true
StringMergeSort,2400,Random,3.004,33961,true
MSDRadixSort,2400,Random,0.828,5667,true
MSDRadixSortWithQuickSort,2400,Random,0.415,12632,true
QuickSort,2400,ReverseSorted,6.292,2917479,true
MergeSort,2400,ReverseSorted,2.892,19687,true
StringQuickSort,2400,ReverseSorted,0.225,110163,true
StringMergeSort,2400,ReverseSorted,2.919,19687,true
MSDRadixSort,2400,ReverseSorted,0.792,5636,true
MSDRadixSortWithQuickSort,2400,ReverseSorted,0.356,33705,true
QuickSort,2500,NearlySorted,0.340,86612,true
MergeSort,2500,NearlySorted,3.108,32595,true
StringQuickSort,2500,NearlySorted,0.245,94374,true
StringMergeSort,2500,NearlySorted,3.033,32595,true
MSDRadixSort,2500,NearlySorted,0.722,5889,true
MSDRadixSortWithQuickSort,2500,NearlySorted,0.333,15692,true
QuickSort,2500,PrefixBased,0.337,68256,true
MergeSort,2500,PrefixBased,2.807,60217,true
StringQuickSort,2500,PrefixBased,0.171,34338,true
StringMergeSort,2500,PrefixBased,2.806,60217,true
MSDRadixSort,2500,PrefixBased,1.841,15321,true
MSDRadixSortWithQuickSort,2500,PrefixBased,0.346,20544,true
QuickSort,2500,Random,0.333,43605,true
MergeSort,2500,Random,3.226,35663,true
StringQuickSort,2500,Random,0.162,28430,true
StringMergeSort,2500,Random,3.160,35663,true
MSDRadixSort,2500,Random,0.825,5914,true
MSDRadixSortWithQuickSort,2500,Random,0.422,13395,true
QuickSort,2500,ReverseSorted,6.843,3165572,true
MergeSort,2500,ReverseSorted,3.090,20662,true
StringQuickSort,2500,ReverseSorted,0.249,117765,true
StringMergeSort,2500,ReverseSorted,3.138,20662,true
MSDRadixSort,2500,ReverseSorted,0.784,5866,true
MSDRadixSortWithQuickSort,2500,ReverseSorted,0.405,36637,true
QuickSort,2600,NearlySorted,0.386,101085,true
MergeSort,2600,NearlySorted,3.203,34794,true
StringQuickSort,2600,NearlySorted,0.223,80712,true
StringMergeSort,2600,NearlySorted,3.072,34794,true
MSDRadixSort,2600,NearlySorted,0.799,6149,true
MSDRadixSortWithQuickSort,2600,NearlySorted,0.385,16301,true
QuickSort,2600,PrefixBased,0.346,72256,true
MergeSort,2600,PrefixBased,2.923,63008,true
StringQuickSort,2600,PrefixBased,0.180,36819,true
StringMergeSort,2600,PrefixBased,2.882,63008,true
MSDRadixSort,2600,PrefixBased,1.780,15906,true
MSDRadixSortWithQuickSort,2600,PrefixBased,0.408,21284,true
QuickSort,2600,Random,0.339,45345,true
MergeSort,2600,Random,3.252,37462,true
StringQuickSort,2600,Random,0.177,33078,true
StringMergeSort,2600,Random,3.264,37462,true
MSDRadixSort,2600,Random,0.960,6184,true
MSDRadixSortWithQuickSort,2600,Random,0.424,13992,true
QuickSort,2600,ReverseSorted,7.222,3424483,true
MergeSort,2600,ReverseSorted,3.070,21566,true
StringQuickSort,2600,ReverseSorted,0.260,125283,true
StringMergeSort,2600,ReverseSorted,3.215,21566,true
MSDRadixSort,2600,ReverseSorted,0.940,6194,true
MSDRadixSortWithQuickSort,2600,ReverseSorted,0.391,39228,true
QuickSort,2700,NearlySorted,0.445,120024,true
MergeSort,2700,NearlySorted,3.357,36519,true
StringQuickSort,2700,NearlySorted,0.262,101201,true
StringMergeSort,2700,NearlySorted,3.343,36519,true
MSDRadixSort,2700,NearlySorted,0.845,6412,true
MSDRadixSortWithQuickSort,2700,NearlySorted,0.381,17399,true
QuickSort,2700,PrefixBased,0.382,76070,true
MergeSort,2700,PrefixBased,3.091,65573,true
StringQuickSort,2700,PrefixBased,0.193,41579,true
StringMergeSort,2700,PrefixBased,3.125,65573,true
MSDRadixSort,2700,PrefixBased,1.888,16533,true
MSDRadixSortWithQuickSort,2700,PrefixBased,0.390,22187,true
QuickSort,2700,Random,0.391,47430,true
MergeSort,2700,Random,3.529,39119,true
StringQuickSort,2700,Random,0.178,28859,true
StringMergeSort,2700,Random,3.537,39119,true
MSDRadixSort,2700,Random,0.910,6468,true
MSDRadixSortWithQuickSort,2700,Random,0.454,14883,true
QuickSort,2700,ReverseSorted,7.854,3692902,true
MergeSort,2700,ReverseSorted,3.215,22622,true
StringQuickSort,2700,ReverseSorted,0.266,128004,true
StringMergeSort,2700,ReverseSorted,3.319,22622,true
MSDRadixSort,2700,ReverseSorted,0.945,6532,true
MSDRadixSortWithQuickSort,2700,ReverseSorted,0.420,41029,true
QuickSort,2800,NearlySorted,0.504,157083,true
MergeSort,2800,NearlySorted,3.384,38362,true
StringQuickSort,2800,NearlySorted,0.217,79028,true
StringMergeSort,2800,NearlySorted,3.445,38362,true
MSDRadixSort,2800,NearlySorted,0.870,6748,true
MSDRadixSortWithQuickSort,2800,NearlySorted,0.405,18262,true
QuickSort,2800,PrefixBased,0.402,79281,true
MergeSort,2800,PrefixBased,3.183,68639,true
StringQuickSort,2800,PrefixBased,0.198,39484,true
StringMergeSort,2800,PrefixBased,3.190,68639,true
MSDRadixSort,2800,PrefixBased,1.889,17138,true
MSDRadixSortWithQuickSort,2800,PrefixBased,0.428,22825,true
QuickSort,2800,Random,0.387,48543,true
MergeSort,2800,Random,3.663,40955,true
StringQuickSort,2800,Random,0.197,33940,true
StringMergeSort,2800,Random,3.561,40955,true
MSDRadixSort,2800,Random,0.973,6649,true
MSDRadixSortWithQuickSort,2800,Random,0.463,15488,true
QuickSort,2800,ReverseSorted,8.379,3971504,true
MergeSort,2800,ReverseSorted,3.357,23725,true
StringQuickSort,2800,ReverseSorted,0.284,134894,true
StringMergeSort,2800,ReverseSorted,3.410,23725,true
MSDRadixSort,2800,ReverseSorted,0.962,6717,true
MSDRadixSortWithQuickSort,2800,ReverseSorted,0.425,44892,true
QuickSort,2900,NearlySorted,0.457,130674,true
MergeSort,2900,NearlySorted,3.591,39322,true
StringQuickSort,2900,NearlySorted,0.221,79205,true
StringMergeSort,2900,NearlySorted,3.713,39322,true
MSDRadixSort,2900,NearlySorted,0.960,6968,true
MSDRadixSortWithQuickSort,2900,NearlySorted,0.432,18918,true
QuickSort,2900,PrefixBased,0.399,80319,true
MergeSort,2900,PrefixBased,3.364,70767,true
StringQuickSort,2900,PrefixBased,0.215,41637,true
StringMergeSort,2900,PrefixBased,3.391,70767,true
MSDRadixSort,2900,PrefixBased,2.012,17750,true
MSDRadixSortWithQuickSort,2900,PrefixBased,0.418,23980,true
QuickSort,2900,Random,0.403,55091,true
MergeSort,2900,Random,3.760,42717,true
StringQuickSort,2900,Random,0.193,31797,true
StringMergeSort,2900,Random,3.908,42717,true
MSDRadixSort,2900,Random,1.006,7015,true
MSDRadixSortWithQuickSort,2900,Random,0.508,16497,true
QuickSort,2900,ReverseSorted,9.038,4260466,true
MergeSort,2900,ReverseSorted,3.558,24606,true
StringQuickSort,2900,ReverseSorted,0.297,140535,true
StringMergeSort,2900,ReverseSorted,3.519,24606,true
MSDRadixSort,2900,ReverseSorted,1.011,7009,true
MSDRadixSortWithQuickSort,2900,ReverseSorted,0.466,47318,true
QuickSort,3000,NearlySorted,0.646,201444,true
MergeSort,3000,NearlySorted,3.700,41013,true
StringQuickSort,3000,NearlySorted,0.258,97735,true
StringMergeSort,3000,NearlySorted,3.799,41013,true
MSDRadixSort,3000,NearlySorted,0.927,7261,true
MSDRadixSortWithQuickSort,3000,NearlySorted,0.449,19999,true
QuickSort,3000,PrefixBased,0.418,84265,true
MergeSort,3000,PrefixBased,3.361,73400,true
StringQuickSort,3000,PrefixBased,0.256,42939,true
StringMergeSort,3000,PrefixBased,3.383,73400,true
MSDRadixSort,3000,PrefixBased,2.160,18372,true
MSDRadixSortWithQuickSort,3000,PrefixBased,0.443,24386,true
QuickSort,3000,Random,0.420,60174,true
MergeSort,3000,Random,3.989,44465,true
StringQuickSort,3000,Random,0.218,32555,true
StringMergeSort,3000,Random,3.902,44465,true
MSDRadixSort,3000,Random,1.079,7266,true
MSDRadixSortWithQuickSort,3000,Random,0.485,16737,true
QuickSort,3000,ReverseSorted,9.633,4558891,true
MergeSort,3000,ReverseSorted,3.618,25614,true
StringQuickSort,3000,ReverseSorted,0.311,145966,true
StringMergeSort,3000,ReverseSorted,3.785,25614,true
MSDRadixSort,3000,ReverseSorted,1.037,7218,true
MSDRadixSortWithQuickSort,3000,ReverseSorted,0.464,51255,true
